País,viajeros_acumulados,participacion
El Salvador,16213975.460637605,0.31009017302766984
Guatemala,14792331.349785285,0.2829014142073436
Estados Unidos de América,7047842.963420366,0.13478908052528435
Honduras,2788232.816192475,0.05332459016689247
México,1808945.7790694959,0.034595852879579635
Belice,1328255.7686093096,0.025402718914492826
Nicaragua,1164342.7311080275,0.02226790337936035
Cruceristas,1078372.0,0.020623724322267143
Costa Rica,882179.7476337904,0.016871572998822755
Colombia,561035.317097089,0.010729727510419498
Canadá,526246.6300282185,0.010064398392413833
España,395523.62977390795,0.007564338005251926
Francia,338228.14617879165,0.006468569329343559
Alemania,300400.42026714823,0.005745118988514962
Reino Unido de Gran Bretaña e Irlanda del Norte,271367.73968747834,0.00518987274639114
Panamá,237216.9578060715,0.004536743482174329
Italia,187490.80522334334,0.0035857372779394474
Países Bajos,173198.50719496075,0.0033123989360045263
Argentina,158476.92830327025,0.003030850653361123
Otros Países de América del Sur,152447.0,0.0029155290583923353
Brasil,148116.99594339667,0.0028327182936676524
Otros Países de Europa,144149.0,0.0027568308870505602
Resto del Mundo,130817.0,0.002501858120079176
Israel,127626.09840703027,0.002440832541899391
Australia,116951.4369969034,0.0022366810300315015
Venezuela (República Bolivariana de),99586.06756983556,0.0019045705970657221
República de Corea,98524.38108932097,0.0018842659811346605
Chile,72633.38359487886,0.0013891040196279787
China,69286.58792105239,0.0013250969874165027
Japón,65853.9344434443,0.0012594479358683723
Perú,65695.1093815606,0.0012564104272055393
Suiza,55419.13067832712,0.0010598836702821626
República Dominicana,49622.042952865304,0.0009490151210969805
Bélgica,46798.08095074268,0.0008950072148936161
Ecuador,42333.000398503355,0.0008096131297485082
Suecia,32408.927397101234,0.0006198165236283831
Polonia,30318.882770430766,0.0005798446918285149
Dinamarca,29058.665807237314,0.0005557432062232261
Austria,28576.83744155361,0.0005465283013624645
Cuba,27854.287331560747,0.0005327096244332447
India,27694.96848990638,0.0005296626722964843
Federación de Rusia,26730.685206197017,0.0005112208798428668
Cruceros,26030.0,0.0004978203663565205
Irlanda,25509.39757138233,0.0004878639125823929
Uruguay,25478.937899116285,0.000487281375309762
Noruega,20810.806375831427,0.0003980039667380336
Portugal,19260.747102426107,0.00036835928462658685
Nueva Zelanda,18084.48462908536,0.0003458634177264748
República Checa,15955.983701144934,0.0003051561141637588
Bolivia (Estado Plurinacional de),13735.164011664143,0.0002626832262871126
Puerto Rico,9490.698833392942,0.00018150838149132064
Finlandia,9273.058242080708,0.00017734603347360623
Taiwan,8784.956178899305,0.00016801114496371996
Ucrania,8103.404220136699,0.0001549765523474232
Filipinas,7267.157260989488,0.00013898343795759645
Turquía,7128.477069527879,0.0001363311973229514
Paraguay,7061.962738123337,0.0001350591193810471
Eslovaquia,6880.22515852185,0.00013158341179526304
Estonia,6640.756886879031,0.00012700361222860954
Eslovenia,6618.450385484226,0.00012657700328905924
Rumania,6183.797705405517,0.00011826432728311892
Hungría,6089.284672360165,0.00011645677781188945
Grecia,5607.548242294154,0.00010724363120786548
Sudáfrica,5557.179375092324,0.00010628033317008685
Bulgaria,3454.830841951637,6.607319075836229e-05
Guinea,3303.4161589292366,6.31774046279755e-05
Lituania,3294.6798971719645,6.301032475749562e-05
Micronesia (Estados Federados de),3226.4778311152386,6.17059691097572e-05
Trinidad y Tobago,2777.700692159983,5.312316466384339e-05
Malasia,2685.181165908445,5.135374075090938e-05
Emiratos Árabes Unidos,2551.762510265102,4.880212630484085e-05
Haití,2546.6944920448077,4.8705201115170154e-05
Jamaica,2507.1309990975356,4.7948554455417765e-05
OTROS PAISES DEL MUNDO,2370.5900491491316,4.533722653663245e-05
Katar,2329.760352436955,4.455636389447028e-05
Singapur,1970.8434551014514,3.769212488858837e-05
Croacia,1930.131549391032,3.6913514984023135e-05
Tailandia,1637.432308473669,3.1315680049495396e-05
Egipto,1499.498593434038,2.8677715679386092e-05
Letonia,1421.4808440857894,2.7185636364639404e-05
Islandia,1301.3896954932059,2.488890875847209e-05
Luxemburgo,1172.3394586588267,2.242083975427361e-05
Indonesia,1111.3762978498262,2.12549272284116e-05
Marruecos,1079.8377341937073,2.0651756298190794e-05
Jordania,1044.981796815477,1.9985141026760503e-05
Guyana,1043.7431641642756,1.9961452338316313e-05
Malta,1023.8848189417714,1.95816640673251e-05
Guadalupe,1000.9506899458976,1.914305183148977e-05
Nigeria,931.5881114899431,1.7816501534971285e-05
"China, Hong Kong Región Administrativa Especial",919.995057743052,1.7594785889044733e-05
Brunei Darussalam,916.6688684374534,1.753117295094699e-05
Bahamas,886.096991074373,1.6946489770420854e-05
Guinea Ecuatorial,849.7704770218745,1.625174991125566e-05
Guinea-Bissau,819.2769427748904,1.566856503264103e-05
Etiopía,778.243099333364,1.4883798110817105e-05
Islas Vírgenes Americanas,747.0,1.4286277897361539e-05
República Popular Democrática de Corea,730.5391084063116,1.3971465485385936e-05
Fiji,730.2982302996351,1.3966858722907526e-05
Pakistán,724.5226922531767,1.3856402308532041e-05
Serbia,698.6279914351593,1.3361169521443376e-05
Barbados,693.6542718985354,1.3266047781839969e-05
Kenia,598.3739733747891,1.144382445807316e-05
Líbano,578.9425743510366,1.1072201477634274e-05
Arabia Saudita,547.3021793288394,1.0467083035774296e-05
Bielorrusia,528.4474025750501,1.0106487881293243e-05
Georgia,514.2712764355397,9.835371311631802e-06
Congo,495.0158953909629,9.467114652164049e-06
República Democrática Popular Lao,481.17190778625684,9.202350188806004e-06
Chipre,476.47408538017953,9.112504945960392e-06
Guam,445.71849511425495,8.52430828004823e-06
Dominica,437.22054097300133,8.361786011747046e-06
Gabón,422.8985843392226,8.087880452839251e-06
Santo Tomé y Príncipe,407.0,7.783822094010905e-06
Sri Lanka,405.05105910818565,7.746548852798064e-06
La ex República Yugoslava de Macedonia,389.0432679266298,7.44040192730591e-06
Zambia,351.7417598270192,6.727015433729311e-06
Guayana francés,343.0033639392434,6.559894748280949e-06
Irán (República Islámica del),332.0853122164435,6.3510884283215295e-06
Albania,321.823664759473,6.154835754620011e-06
Andorra,320.708732386813,6.133512817923109e-06
Irak,319.50194051838963,6.110433080310563e-06
Côte d'Ivoire,311.5839220885999,5.959002007105199e-06
Comoras,298.9870114299766,5.7180877282332745e-06
Ghana,298.4479120943509,5.707777523517034e-06
Bermuda,298.20006573644275,5.703037494139625e-06
Suriname,296.7794111189997,5.675867659252126e-06
Bangladesh,295.385938479635,5.649217676161988e-06
República Árabe Siria,294.7820731470402,5.637668830172654e-06
Benin,282.3856059122408,5.400588005725691e-06
Estado de Palestina,279.7005929283012,5.349237481433074e-06
Santa Lucía,278.08802634531634,5.3183973551512526e-06
Nepal,277.43330836382074,5.305875958862035e-06
Viet Nam,276.76710600281785,5.293134925307596e-06
Antigua y Barbuda,272.69018184427244,5.215164280735378e-06
Camerún,272.2588568574942,5.206915246431243e-06
República de Moldova,266.2059060124715,5.091153348344142e-06
República Unida de Tanzania,245.25826308124252,4.690532400271534e-06
Afganistán,245.14231687366706,4.688314944123518e-06
Liechtenstein,236.9821251779156,4.532252338686775e-06
Nueva Caledonia,233.60717099818095,4.467706778710133e-06
Níger,226.64394370040185,4.334535961791036e-06
Armenia,220.64683842728732,4.219842103007305e-06
San Vicente y las Granadinas,216.4761751534595,4.140078710040473e-06
Mongolia,211.9988002863472,4.054449497721559e-06
Uzbekistán,207.49278659485958,3.968272571609233e-06
Uganda,204.0356372835096,3.902155040425006e-06
San Cristóbal y Nieves,203.26044418145372,3.88732957311565e-06
Túnez,191.07633512651833,3.6543100712541163e-06
Islas Caimán,187.48042788688971,3.585538812728723e-06
Granada,182.95749806826004,3.4990383678837343e-06
Réunion,180.71709369552806,3.456190925485725e-06
Omán,171.26254430050616,3.2753738973041798e-06
Namibia,166.17053705376637,3.1779899206210426e-06
Gambia,160.61744324009464,3.071787723282042e-06
Mauricio,159.3589557248907,3.0477193131447415e-06
Argelia,154.94124717684494,2.963231211421942e-06
Mozambique,152.9856961794085,2.9258315527983282e-06
Islas Vírgenes Británicas,149.0,2.8496056314683656e-06
Niue,146.45905478693712,2.8010103845663753e-06
Montenegro,143.85208590612416,2.7511524436010906e-06
Kazajstán,142.9461,2.7338255809157057e-06
Kuwait,139.3445996951528,2.6649473557450502e-06
Ruanda,134.09461741112963,2.564542127009067e-06
República Centroafricana,127.71678803855224,2.4425669693134903e-06
Chad,118.23451752852849,2.2612197784110067e-06
Kirguistán,118.04330549437591,2.2575628731135186e-06
República De Corea,118.0,2.256734661162867e-06
Kiribati,116.27145051523645,2.2236763769611624e-06
Eritrea,112.9091594955801,2.1593729982749326e-06
Reino Unido De Gran Bretaña E Irlanda Del Norte,112.0,2.141985441103738e-06
Cabo Verde,108.48494659884517,2.074760501728954e-06
Angola,102.77286072334682,1.96551760187492e-06
Madagascar,101.95858513961196,1.9499446871837923e-06
Venezuela (República Bolivariana De),98.0,1.8742372609657707e-06
Botswana,85.90414914076715,1.6429056856243517e-06
Pitcairn,82.71885896456251,1.5819874250607707e-06
República de Kazajistán,82.50638554445098,1.5779238985205884e-06
Mónaco,81.71999587325351,1.5628842982818444e-06
Tayikistán,79.55127546030333,1.5214078022964536e-06
Bután,78.71462297122284,1.5054069321993676e-06
Azerbaiyán,75.8363195267933,1.4503597529757354e-06
República Democrática del Congo,74.0,1.4152403807292555e-06
Senegal,72.14268085997234,1.3797193936094112e-06
Camboya,71.58620675484364,1.3690768986849746e-06
San Marino,69.00450666641198,1.3197022200892883e-06
Bosnia y Herzegovina,65.80326012315918,1.2584787960800815e-06
Papúa Nueva Guinea,64.0256076877346,1.2244814243298847e-06
Bahrein,62.29707986126887,1.1914235543403106e-06
Djibouti,59.9905472966284,1.1473114188680647e-06
Togo,58.32166156948272,1.1153941962751015e-06
Islas Turcas y Caicos,54.99749137660709,1.051819873445721e-06
Burkina Faso,52.1389178249173,9.97150025856045e-07
Samoa,49.9234900340496,9.547802573394804e-07
Gibraltar,49.24513394198063,9.418067852582683e-07
Mauritania,48.93319902103806,9.358410704437071e-07
Liberia,44.995712650175214,8.605371554353804e-07
Montserrat,40.10665739770087,7.670346092608107e-07
Malawi,39.0068345458573,7.460006401854346e-07
Federación De Rusia,39.0,7.458699303843373e-07
Burundi,38.98612080863928,7.456044926537216e-07
Lesoto,36.0,6.884953203547729e-07
Vanuatu,34.004184100418406,6.503256007116735e-07
Islas Feroe,33.58438589287926,6.422970145621173e-07
Malí,33.41989910724849,6.3915122616859e-07
Libia,30.50877814700688,5.834764162210054e-07
Groenlandia,30.474636959458277,5.828234704471564e-07
"China, Macao, Región Administrativa Especial",30.0,5.737461002956441e-07
Sudán,28.801330847139887,5.508217085623717e-07
Sierra Leona,27.0022407273497,5.164143438853703e-07
Islas Marshall,26.974797676969764,5.158894991141801e-07
Bolivia (Estado Plurinacional De),25.0,4.781217502463701e-07
Polinesia francés,23.969762641898864,4.584185946933896e-07
Seychelles,21.60221861287706,4.1313962289573973e-07
Swazilandia,21.002085195114685,4.016621492924644e-07
Turkmenistán,19.007561904664893,3.635171506309843e-07
Palau,18.99868464320957,3.633473741596077e-07
Somalia,18.996118658262333,3.6329830003104456e-07
Anguila,18.00176488761949,3.4428141342369123e-07
Trinidad Y Tobago,18.0,3.4424766017738644e-07
Mayotte,17.172190525110594,3.284159115772004e-07
Timor-Leste,16.87019399999999,3.2264026729103226e-07
Yemen,16.00163524221236,3.0602919395242283e-07
Nauru,14.0,2.6774818013796723e-07
Maldivas,13.479727445837124,2.577980351699071e-07
Tuvalu,11.0,2.1037357010840283e-07
Micronesia (Estados Federados De),8.0,1.5299896007883843e-07
Tonga,7.995967741935484,1.5292184366750837e-07
Antigua Y Barbuda,5.0,9.562435004927402e-08
San Cristóbal Y Nieves,3.0,5.737461002956441e-08
Otros Paises Del Mundo,3.0,5.737461002956441e-08
Aruba,2.998221273568125,5.734059211777171e-08
Martinica,2.0,3.824974001970961e-08
Irán (República Islámica Del),2.0,3.824974001970961e-08
Côte D'ivoire,1.0,1.9124870009854804e-08
República De Moldova,1.0,1.9124870009854804e-08
