region,modelo,residuo
América Del Centro,Holt-Winters,-16128.245617585912
América Del Centro,Holt-Winters,19540.486913509805
América Del Centro,Holt-Winters,-15727.060883069324
América Del Centro,Holt-Winters,11325.146977754863
América Del Centro,Holt-Winters,-3719.0188524059777
América Del Centro,Holt-Winters,4483.914338522547
América Del Centro,Holt-Winters,-13687.580470242305
América Del Centro,Holt-Winters,18168.09958384793
América Del Centro,Holt-Winters,5323.317530718457
América Del Centro,Holt-Winters,1215.6362263523333
América Del Centro,Holt-Winters,2705.1995654375205
América Del Centro,Holt-Winters,-14701.407629570778
América Del Centro,Holt-Winters,-4464.936392518022
América Del Centro,Holt-Winters,15715.615631240049
América Del Centro,Holt-Winters,-23886.28394112384
América Del Centro,Holt-Winters,16089.886193384955
América Del Centro,Holt-Winters,5695.159623356463
América Del Centro,Holt-Winters,-4434.020674994201
América Del Centro,Holt-Winters,10177.84984461288
América Del Centro,Holt-Winters,-5932.08309170093
América Del Centro,Holt-Winters,-1978.4437372340035
América Del Centro,Holt-Winters,5798.743453735864
América Del Centro,Holt-Winters,4295.528851525465
América Del Centro,Holt-Winters,-9262.12116070994
América Del Centro,Holt-Winters,-4103.419331247598
América Del Centro,Holt-Winters,14544.938783481994
América Del Centro,Holt-Winters,-15712.843291136509
América Del Centro,Holt-Winters,20073.321513360745
América Del Centro,Holt-Winters,-7381.179420792629
América Del Centro,Holt-Winters,-2195.238587856671
América Del Centro,Holt-Winters,7762.70947416166
América Del Centro,Holt-Winters,-15321.289877433024
América Del Centro,Holt-Winters,9231.155535725804
América Del Centro,Holt-Winters,-5761.358185978388
América Del Centro,Holt-Winters,12469.316122208795
América Del Centro,Holt-Winters,1036.3975854131277
América Del Centro,Holt-Winters,-10864.515976592491
América Del Centro,Holt-Winters,11854.658335026048
América Del Centro,Holt-Winters,-10690.645353351996
América Del Centro,Holt-Winters,4198.236481080923
América Del Centro,Holt-Winters,-61.62204142814153
América Del Centro,Holt-Winters,-197.1743759110832
América Del Centro,Holt-Winters,1195.04000439441
América Del Centro,Holt-Winters,-18160.66354902771
América Del Centro,Holt-Winters,17074.18225640661
América Del Centro,Holt-Winters,3273.8663814884785
América Del Centro,Holt-Winters,6644.21716167414
América Del Centro,Holt-Winters,-16545.5764604015
América Del Centro,Holt-Winters,-8712.657477753484
América Del Centro,Holt-Winters,11373.388444877506
América Del Centro,Holt-Winters,21881.55400740335
América Del Centro,Holt-Winters,-20044.229210218225
América Del Centro,Holt-Winters,25549.295638261756
América Del Centro,Holt-Winters,-1354.2583630857407
América Del Centro,Holt-Winters,-10191.477556990605
América Del Centro,Holt-Winters,-6420.907980320335
América Del Centro,Holt-Winters,12003.395137140033
América Del Centro,Holt-Winters,-15028.932298267348
América Del Centro,Holt-Winters,11049.7171370367
América Del Centro,Holt-Winters,1651.7618963222194
América Del Centro,Holt-Winters,11900.9618557762
América Del Centro,Holt-Winters,1593.0228895115724
América Del Centro,Holt-Winters,-24647.172119925817
América Del Centro,Holt-Winters,28980.67489111604
América Del Centro,Holt-Winters,-252.62838993000332
América Del Centro,Holt-Winters,-7879.136318907782
América Del Centro,Holt-Winters,11702.517606705485
América Del Centro,Holt-Winters,-5851.608655228512
América Del Centro,Holt-Winters,9760.929091209779
América Del Centro,Holt-Winters,15347.748342066741
América Del Centro,Holt-Winters,7140.127769364655
América Del Centro,Holt-Winters,16307.173933725135
América Del Centro,Holt-Winters,-21243.127203374373
América Del Centro,Holt-Winters,-6246.542084345332
América Del Centro,Holt-Winters,-2047.6065016127832
América Del Centro,Holt-Winters,8466.941123277327
América Del Centro,Holt-Winters,11535.946463931672
América Del Centro,Holt-Winters,-1117.6618865057826
América Del Centro,Holt-Winters,-12368.523175360198
América Del Centro,Holt-Winters,-4818.908540280361
América Del Centro,Holt-Winters,6466.1434255594795
América Del Centro,Holt-Winters,1695.7215989967517
América Del Centro,Holt-Winters,-3636.0281041155395
América Del Centro,Holt-Winters,22328.048367977637
América Del Centro,Holt-Winters,-5391.198578439566
América Del Centro,Holt-Winters,-4687.817285855999
América Del Centro,Holt-Winters,50208.28937099673
América Del Centro,Holt-Winters,-78084.9613123672
América Del Centro,Holt-Winters,26151.71870799383
América Del Centro,Holt-Winters,-13770.358671286347
América Del Centro,Holt-Winters,12904.693478466419
América Del Centro,Holt-Winters,4524.7960672997
América Del Centro,Holt-Winters,-26049.57416706343
América Del Centro,Holt-Winters,34758.05475917031
América Del Centro,Holt-Winters,-9865.695070930233
América Del Centro,Holt-Winters,22714.983026419883
América Del Centro,Holt-Winters,-12835.79521769841
América Del Centro,Holt-Winters,9588.647528268048
América Del Centro,Holt-Winters,12663.328865462798
América Del Centro,Holt-Winters,88255.81640597546
América Del Centro,Holt-Winters,-81458.38129187727
América Del Centro,Holt-Winters,-30879.73773620007
América Del Centro,Holt-Winters,5918.505837074132
América Del Centro,Holt-Winters,-616.3591512026032
América Del Centro,Holt-Winters,-14072.492042238708
América Del Centro,Holt-Winters,-613.0836096522398
América Del Centro,Holt-Winters,17485.499667247466
América Del Centro,Holt-Winters,24192.50864527197
América Del Centro,Holt-Winters,4151.930451338354
América Del Centro,Holt-Winters,-2250.5126196062483
América Del Centro,Holt-Winters,81987.37804394818
América Del Centro,Holt-Winters,-56215.949557577725
América Del Centro,Holt-Winters,-9682.971659311239
América Del Centro,Holt-Winters,9311.054118240107
América Del Centro,Holt-Winters,536.4703195270267
América Del Centro,Holt-Winters,22823.342587870284
América Del Centro,Holt-Winters,-24032.53362320966
América Del Centro,Holt-Winters,-20086.440368261072
América Del Centro,Holt-Winters,608.0067974847916
América Del Centro,Holt-Winters,20415.592826234526
América Del Centro,Holt-Winters,31498.562884208368
América Del Centro,Holt-Winters,-18748.409062418912
América Del Centro,Holt-Winters,19346.607268634543
América Del Centro,Holt-Winters,36471.42916741653
América Del Centro,Holt-Winters,-49505.772805027256
América Del Centro,Holt-Winters,2851.797274770739
América Del Centro,Holt-Winters,6556.060564132582
América Del Centro,Holt-Winters,10708.458896312688
América Del Centro,Holt-Winters,-13761.38974682393
América Del Centro,Holt-Winters,-29623.700654091634
América Del Centro,Holt-Winters,12330.661017794686
América Del Centro,Holt-Winters,53686.06802250765
América Del Centro,Holt-Winters,5286.303173960943
América Del Centro,Holt-Winters,-25898.969150416262
América Del Centro,Holt-Winters,-162594.36539980228
América Del Centro,Holt-Winters,-139001.01627642917
América Del Centro,Holt-Winters,5361.474993569136
América Del Centro,Holt-Winters,-4404.11839909031
América Del Centro,Holt-Winters,-13726.471517603535
América Del Centro,Holt-Winters,-9279.605693164933
América Del Centro,Holt-Winters,25060.42814851788
América Del Centro,Holt-Winters,-6026.305218028872
América Del Centro,Holt-Winters,9206.287674369276
América Del Centro,Holt-Winters,-41717.44260838542
América Del Centro,Holt-Winters,74539.04278048908
América Del Centro,Holt-Winters,24104.149599899145
América Del Centro,Holt-Winters,-26570.06201462313
América Del Norte,Holt-Winters,2711.0963482923253
América Del Norte,Holt-Winters,136.21382979744521
América Del Norte,Holt-Winters,-1545.1530800386608
América Del Norte,Holt-Winters,8551.404532263856
América Del Norte,Holt-Winters,-4835.248564829457
América Del Norte,Holt-Winters,-1298.0322705521612
América Del Norte,Holt-Winters,-17740.456205324008
América Del Norte,Holt-Winters,18127.864046540235
América Del Norte,Holt-Winters,850.1797736204971
América Del Norte,Holt-Winters,494.3261223517984
América Del Norte,Holt-Winters,-2158.2790447590014
América Del Norte,Holt-Winters,2420.5305958522877
América Del Norte,Holt-Winters,1930.8605926346136
América Del Norte,Holt-Winters,-2528.8455171770547
América Del Norte,Holt-Winters,4860.179929536702
América Del Norte,Holt-Winters,-2112.0124843732556
América Del Norte,Holt-Winters,-1612.0777304049116
América Del Norte,Holt-Winters,-810.1007966647958
América Del Norte,Holt-Winters,6326.629760710246
América Del Norte,Holt-Winters,-1316.8549042899176
América Del Norte,Holt-Winters,-4174.722723699506
América Del Norte,Holt-Winters,-420.3079151439306
América Del Norte,Holt-Winters,-1277.296867294579
América Del Norte,Holt-Winters,-652.5782384761405
América Del Norte,Holt-Winters,1054.0741010064594
América Del Norte,Holt-Winters,-1204.3993080786859
América Del Norte,Holt-Winters,-2590.785307966682
América Del Norte,Holt-Winters,7397.759528608105
América Del Norte,Holt-Winters,-2043.3719039309544
América Del Norte,Holt-Winters,-2516.3025140318787
América Del Norte,Holt-Winters,4719.218965687483
América Del Norte,Holt-Winters,-2523.081369317886
América Del Norte,Holt-Winters,420.73070168817867
América Del Norte,Holt-Winters,-2123.990463432019
América Del Norte,Holt-Winters,556.6349721535516
América Del Norte,Holt-Winters,288.3202244588756
América Del Norte,Holt-Winters,1026.4059254269378
América Del Norte,Holt-Winters,535.2770690220786
América Del Norte,Holt-Winters,29.717992506171868
América Del Norte,Holt-Winters,-158.82905948664848
América Del Norte,Holt-Winters,1621.2564327880464
América Del Norte,Holt-Winters,754.3367111477637
América Del Norte,Holt-Winters,1731.2081652867491
América Del Norte,Holt-Winters,-3744.21974326449
América Del Norte,Holt-Winters,1637.0691198216155
América Del Norte,Holt-Winters,-256.16865832493204
América Del Norte,Holt-Winters,259.43685277093755
América Del Norte,Holt-Winters,2231.1506795989844
América Del Norte,Holt-Winters,-3734.149426435193
América Del Norte,Holt-Winters,-433.4457300538488
América Del Norte,Holt-Winters,5789.677996402657
América Del Norte,Holt-Winters,-5175.919006009564
América Del Norte,Holt-Winters,2406.4599749665285
América Del Norte,Holt-Winters,2738.4329163576404
América Del Norte,Holt-Winters,1308.035157407532
América Del Norte,Holt-Winters,-3358.8587043361767
América Del Norte,Holt-Winters,-1655.4733583039924
América Del Norte,Holt-Winters,11.648516554476373
América Del Norte,Holt-Winters,63.02148729014152
América Del Norte,Holt-Winters,2920.1219960676317
América Del Norte,Holt-Winters,339.50482936329354
América Del Norte,Holt-Winters,-2094.076960150349
América Del Norte,Holt-Winters,838.4499866735277
América Del Norte,Holt-Winters,5443.231675252733
América Del Norte,Holt-Winters,-1892.5703226024707
América Del Norte,Holt-Winters,-1005.1137450755486
América Del Norte,Holt-Winters,-394.1260302026785
América Del Norte,Holt-Winters,-682.6236801122286
América Del Norte,Holt-Winters,-1639.3004327725757
América Del Norte,Holt-Winters,290.5964265219045
América Del Norte,Holt-Winters,256.9822101847167
América Del Norte,Holt-Winters,2788.345633008721
América Del Norte,Holt-Winters,-1441.9520724277536
América Del Norte,Holt-Winters,570.8142368315093
América Del Norte,Holt-Winters,2277.7936459133707
América Del Norte,Holt-Winters,-889.5466166998376
América Del Norte,Holt-Winters,1252.386645674851
América Del Norte,Holt-Winters,1836.2058633017732
América Del Norte,Holt-Winters,-2668.5594228981136
América Del Norte,Holt-Winters,-620.6702879378427
América Del Norte,Holt-Winters,-497.6755883864971
América Del Norte,Holt-Winters,623.0261392606844
América Del Norte,Holt-Winters,837.6779007227306
América Del Norte,Holt-Winters,2634.635583033436
América Del Norte,Holt-Winters,-3203.1522471483113
América Del Norte,Holt-Winters,-270.81980035792367
América Del Norte,Holt-Winters,5105.411732466069
América Del Norte,Holt-Winters,-10668.238329623513
América Del Norte,Holt-Winters,3893.5139783400955
América Del Norte,Holt-Winters,1352.8844272493516
América Del Norte,Holt-Winters,2415.138741839837
América Del Norte,Holt-Winters,-5634.86497128928
América Del Norte,Holt-Winters,-754.4280256700295
América Del Norte,Holt-Winters,2253.3775398703
América Del Norte,Holt-Winters,-2412.9506047285395
América Del Norte,Holt-Winters,-8417.602295346958
América Del Norte,Holt-Winters,3394.220530215127
América Del Norte,Holt-Winters,6705.941135682777
América Del Norte,Holt-Winters,-368.9572208289828
América Del Norte,Holt-Winters,6148.255253291907
América Del Norte,Holt-Winters,-4632.61749113851
América Del Norte,Holt-Winters,3074.814698297778
América Del Norte,Holt-Winters,5948.230808594315
América Del Norte,Holt-Winters,-6691.8262289823615
América Del Norte,Holt-Winters,-1483.850299542908
América Del Norte,Holt-Winters,2709.791019603319
América Del Norte,Holt-Winters,-713.7155081108649
América Del Norte,Holt-Winters,2180.2772679573973
América Del Norte,Holt-Winters,-289.2375155809423
América Del Norte,Holt-Winters,-2877.647157719599
América Del Norte,Holt-Winters,6940.531966249429
América Del Norte,Holt-Winters,-5306.378578658005
América Del Norte,Holt-Winters,1527.0884401882722
América Del Norte,Holt-Winters,5238.640485596719
América Del Norte,Holt-Winters,1634.2480786203378
América Del Norte,Holt-Winters,-2778.5830383329594
América Del Norte,Holt-Winters,-4246.727295266632
América Del Norte,Holt-Winters,3230.0831166414937
América Del Norte,Holt-Winters,2754.430289011776
América Del Norte,Holt-Winters,4639.7537934262655
América Del Norte,Holt-Winters,-6338.670860202299
América Del Norte,Holt-Winters,-2781.2329545698667
América Del Norte,Holt-Winters,391.3334273632354
América Del Norte,Holt-Winters,3941.9066206530697
América Del Norte,Holt-Winters,-1023.4830389174385
América Del Norte,Holt-Winters,5097.620951910751
América Del Norte,Holt-Winters,499.4297664947808
América Del Norte,Holt-Winters,-3772.249474441931
América Del Norte,Holt-Winters,-4839.299235651142
América Del Norte,Holt-Winters,2380.718861501002
América Del Norte,Holt-Winters,1705.364142119055
América Del Norte,Holt-Winters,4310.984240757978
América Del Norte,Holt-Winters,-2177.1958006127097
América Del Norte,Holt-Winters,395.84425662051217
América Del Norte,Holt-Winters,-36887.61125299617
América Del Norte,Holt-Winters,-20299.313655759237
América Del Norte,Holt-Winters,-239.22839170193765
América Del Norte,Holt-Winters,-13370.788210132541
América Del Norte,Holt-Winters,-7360.833199647207
América Del Norte,Holt-Winters,12736.440264105659
América Del Norte,Holt-Winters,15157.662753259996
América Del Norte,Holt-Winters,-1956.230405619097
América Del Norte,Holt-Winters,6123.314319676763
América Del Norte,Holt-Winters,-11579.690764735882
América Del Norte,Holt-Winters,8089.512028819706
América Del Norte,Holt-Winters,-3755.7652765416187
América Del Norte,Holt-Winters,7787.205892316291
Europa,ARIMA/SARIMA seleccionado,0.14931905328809236
Europa,ARIMA/SARIMA seleccionado,0.11663170653197241
Europa,ARIMA/SARIMA seleccionado,0.04125538996864542
Europa,ARIMA/SARIMA seleccionado,-0.06554730483400206
Europa,ARIMA/SARIMA seleccionado,-0.24915227836834752
Europa,ARIMA/SARIMA seleccionado,0.038478643142951796
Europa,ARIMA/SARIMA seleccionado,0.49156616738393666
Europa,ARIMA/SARIMA seleccionado,-0.0663817253943062
Europa,ARIMA/SARIMA seleccionado,-0.42811602666499127
Europa,ARIMA/SARIMA seleccionado,0.3120931471907653
Europa,ARIMA/SARIMA seleccionado,0.37841717723317103
Europa,ARIMA/SARIMA seleccionado,-0.17958236520811788
Europa,ARIMA/SARIMA seleccionado,0.13613693263116922
Europa,ARIMA/SARIMA seleccionado,0.16357961217116745
Europa,ARIMA/SARIMA seleccionado,0.08892532587165114
Europa,ARIMA/SARIMA seleccionado,-0.2270366924761813
Europa,ARIMA/SARIMA seleccionado,-0.13376237022664306
Europa,ARIMA/SARIMA seleccionado,-0.027590533854397137
Europa,ARIMA/SARIMA seleccionado,0.4754441955940223
Europa,ARIMA/SARIMA seleccionado,-0.0981703124791995
Europa,ARIMA/SARIMA seleccionado,-0.35299628746117406
Europa,ARIMA/SARIMA seleccionado,0.3532905960435482
Europa,ARIMA/SARIMA seleccionado,0.4015650177938124
Europa,ARIMA/SARIMA seleccionado,-0.13487461504562503
Europa,ARIMA/SARIMA seleccionado,0.12524335713982637
Europa,ARIMA/SARIMA seleccionado,0.12100902670071001
Europa,ARIMA/SARIMA seleccionado,0.05057349651054999
Europa,ARIMA/SARIMA seleccionado,-0.16419449645332662
Europa,ARIMA/SARIMA seleccionado,-0.16203606936984905
Europa,ARIMA/SARIMA seleccionado,0.08634912536564521
Europa,ARIMA/SARIMA seleccionado,0.3786378347397079
Europa,ARIMA/SARIMA seleccionado,-0.07333601821422597
Europa,ARIMA/SARIMA seleccionado,-0.289041152250487
Europa,ARIMA/SARIMA seleccionado,0.34634452085577294
Europa,ARIMA/SARIMA seleccionado,0.3893055172932325
Europa,ARIMA/SARIMA seleccionado,-0.1882034032337092
Europa,ARIMA/SARIMA seleccionado,0.33167818142464434
Europa,ARIMA/SARIMA seleccionado,0.08271638962490258
Europa,ARIMA/SARIMA seleccionado,0.10216996818279434
Europa,ARIMA/SARIMA seleccionado,-0.10498560859566908
Europa,ARIMA/SARIMA seleccionado,-0.1667606045915715
Europa,ARIMA/SARIMA seleccionado,-0.07827465123561161
Europa,ARIMA/SARIMA seleccionado,0.4925922715607207
Europa,ARIMA/SARIMA seleccionado,0.0211128737011812
Europa,ARIMA/SARIMA seleccionado,-0.3406162290733086
Europa,ARIMA/SARIMA seleccionado,0.40744605549032187
Europa,ARIMA/SARIMA seleccionado,0.2532519114481264
Europa,ARIMA/SARIMA seleccionado,0.0006803517377100832
Europa,ARIMA/SARIMA seleccionado,0.20196882229683055
Europa,ARIMA/SARIMA seleccionado,0.07790390666463587
Europa,ARIMA/SARIMA seleccionado,0.13378645431199132
Europa,ARIMA/SARIMA seleccionado,-0.1602403172457567
Europa,ARIMA/SARIMA seleccionado,-0.173899721823636
Europa,ARIMA/SARIMA seleccionado,0.012892911087886816
Europa,ARIMA/SARIMA seleccionado,0.41984258174739075
Europa,ARIMA/SARIMA seleccionado,0.06117448344184062
Europa,ARIMA/SARIMA seleccionado,-0.3274934446567226
Europa,ARIMA/SARIMA seleccionado,0.2888270485735305
Europa,ARIMA/SARIMA seleccionado,0.3492109964552732
Europa,ARIMA/SARIMA seleccionado,-0.04671327784081747
Europa,ARIMA/SARIMA seleccionado,0.2175479761312591
Europa,ARIMA/SARIMA seleccionado,0.1288504586522734
Europa,ARIMA/SARIMA seleccionado,0.12993896766425195
Europa,ARIMA/SARIMA seleccionado,-0.3129556561283149
Europa,ARIMA/SARIMA seleccionado,-0.08841217954757319
Europa,ARIMA/SARIMA seleccionado,-0.06632556139165935
Europa,ARIMA/SARIMA seleccionado,0.5526245450138632
Europa,ARIMA/SARIMA seleccionado,-0.10938952065166596
Europa,ARIMA/SARIMA seleccionado,-0.2130749854482321
Europa,ARIMA/SARIMA seleccionado,0.26349193496041323
Europa,ARIMA/SARIMA seleccionado,0.35635972778563385
Europa,ARIMA/SARIMA seleccionado,-0.25858295669411824
Europa,ARIMA/SARIMA seleccionado,0.48083986746618024
Europa,ARIMA/SARIMA seleccionado,0.0940084883812915
Europa,ARIMA/SARIMA seleccionado,0.14674640196292366
Europa,ARIMA/SARIMA seleccionado,-0.15122444055049478
Europa,ARIMA/SARIMA seleccionado,-0.21520837039387963
Europa,ARIMA/SARIMA seleccionado,-0.04157983651441555
Europa,ARIMA/SARIMA seleccionado,0.6498561914832361
Europa,ARIMA/SARIMA seleccionado,-0.10356126606276383
Europa,ARIMA/SARIMA seleccionado,-0.2618131418880232
Europa,ARIMA/SARIMA seleccionado,0.34587954148859446
Europa,ARIMA/SARIMA seleccionado,0.29388613237032857
Europa,ARIMA/SARIMA seleccionado,-0.15854548133859403
Europa,ARIMA/SARIMA seleccionado,0.3970561506093002
Europa,ARIMA/SARIMA seleccionado,0.03097916622442476
Europa,ARIMA/SARIMA seleccionado,0.10577675034645928
Europa,ARIMA/SARIMA seleccionado,-0.10815379560455263
Europa,ARIMA/SARIMA seleccionado,-0.12033783673168408
Europa,ARIMA/SARIMA seleccionado,-0.061729845359323576
Europa,ARIMA/SARIMA seleccionado,0.6068791876664719
Europa,ARIMA/SARIMA seleccionado,0.042278270133863316
Europa,ARIMA/SARIMA seleccionado,-0.47754303371141127
Europa,ARIMA/SARIMA seleccionado,0.46577252291481663
Europa,ARIMA/SARIMA seleccionado,0.3426396786021524
Europa,ARIMA/SARIMA seleccionado,-0.00402610860962227
Europa,ARIMA/SARIMA seleccionado,0.17359745031281903
Europa,ARIMA/SARIMA seleccionado,0.040986660615454085
Europa,ARIMA/SARIMA seleccionado,0.12226220577677971
Europa,ARIMA/SARIMA seleccionado,-0.12137344134232109
Europa,ARIMA/SARIMA seleccionado,-0.17677202573589668
Europa,ARIMA/SARIMA seleccionado,-0.0499802927837667
Europa,ARIMA/SARIMA seleccionado,0.6150309297099668
Europa,ARIMA/SARIMA seleccionado,-0.029329807059061963
Europa,ARIMA/SARIMA seleccionado,-0.41303308688979534
Europa,ARIMA/SARIMA seleccionado,0.3826255068122446
Europa,ARIMA/SARIMA seleccionado,0.4906690417679762
Europa,ARIMA/SARIMA seleccionado,-0.1057727242703006
Europa,ARIMA/SARIMA seleccionado,0.2491961597855692
Europa,ARIMA/SARIMA seleccionado,0.1594042567756695
Europa,ARIMA/SARIMA seleccionado,-0.9185629885990441
Europa,ARIMA/SARIMA seleccionado,-8.470496930142218
Europa,ARIMA/SARIMA seleccionado,0.4437508548778426
Europa,ARIMA/SARIMA seleccionado,-1.4416756926643348
Europa,ARIMA/SARIMA seleccionado,-1.0428946230882197
Europa,ARIMA/SARIMA seleccionado,-1.1272396439322165
Europa,ARIMA/SARIMA seleccionado,2.0260941413344047
Europa,ARIMA/SARIMA seleccionado,0.8873817347704609
Europa,ARIMA/SARIMA seleccionado,1.2605971879975373
Europa,ARIMA/SARIMA seleccionado,-0.8573471250111728
Europa,ARIMA/SARIMA seleccionado,0.6507531842850858
Europa,ARIMA/SARIMA seleccionado,-1.1094514714292574
Europa,ARIMA/SARIMA seleccionado,0.9231476239786316
